date,Open,High,Low,Close,Volume,Company
2025-10-27,264.37609822840903,268.60802232244004,264.1465248140549,268.2986145019531,44888200,Apple
2025-10-28,268.4782600095115,269.3765722048576,267.63986169210665,268.4882507324219,41534800,Apple
2025-10-29,268.76770579477784,270.8936584399069,266.6018207191691,269.1869201660156,51086700,Apple
2025-10-30,271.4725408872279,273.6184749716116,267.969239224885,270.8836669921875,69886500,Apple
2025-10-31,276.4630533049319,276.79244258078194,268.647962249571,269.85565185546875,86167100,Apple
2025-11-03,269.90556627002525,270.33474092754267,265.74348587775046,268.53814697265625,50194600,Apple
2025-11-04,267.8195068636227,270.9734988318123,267.11086611942017,269.5262756347656,49274800,Apple
2025-11-05,268.0989800730272,271.18312844251227,266.4221834255846,269.6260986328125,43683100,Apple
2025-11-06,267.38037702601645,272.8798740142925,267.38037702601645,269.25677490234375,51204000,Apple
2025-11-07,269.28671541495146,271.7719991063764,266.26248096015127,267.9592590332031,48227400,Apple
2025-11-10,268.7085692371889,273.4741297822401,267.20997142836535,269.1781311035156,41312400,Apple
2025-11-11,269.55775905965567,275.65206242273547,269.5477586519058,274.99267578125,46208300,Apple
2025-11-12,274.74292397164845,275.4722525277038,271.4460210796085,273.21435546875,48398000,Apple
2025-11-13,273.85374352181776,276.4413491841305,271.83564282199285,272.6948547363281,49602800,Apple
2025-11-14,270.7965900477885,275.70200347225597,269.3479639093673,272.15533447265625,47431300,Apple
2025-11-17,268.5687054184609,270.2371271729127,265.48159771217263,267.2099609375,45018300,Apple
2025-11-18,269.7376065335732,270.4569347049811,265.0719890725528,267.19000244140625,45677300,Apple
2025-11-19,265.2817633125939,271.9555110777923,265.2517925781922,268.3089294433594,40424500,Apple
2025-11-20,270.5768036466949,275.17250947675234,265.67142054546326,266.0010986328125,45823600,Apple
2025-11-21,265.70137680880595,273.0744516711978,265.4216397990326,271.2361755371094,59030800,Apple
2025-11-24,270.64675212306133,276.7410558404627,270.64675212306133,275.6620788574219,65585800,Apple
2025-11-25,275.012667049666,280.1179060838009,274.9926967216935,276.7110900878906,46914200,Apple
2025-11-26,276.70108254872224,279.26868736786383,276.3714044558947,277.29052734375,33431400,Apple
2025-11-28,277.0008150112318,278.73917862681736,275.73198274965245,278.5893249511719,20135600,Apple
2025-12-01,277.75011957449965,283.1550658399818,275.88187257202503,282.8353576660156,46587700,Apple
2025-12-02,282.7354345985028,287.1313151163589,282.36578537497866,285.9224548339844,53669500,Apple
2025-12-03,285.9324708384744,288.35019153510143,283.0351573834178,283.8843688964844,43538700,Apple
2025-12-04,283.83440686502166,284.46382276925783,278.32954829392816,280.4375915527344,43989100,Apple
2025-12-05,280.27774306596746,280.8771882481053,277.79005013345267,278.5193786621094,47265800,Apple
2025-12-08,277.86998437615557,279.4085531850005,275.8918244790692,277.6302185058594,38211800,Apple
2025-12-09,277.8999627322321,279.7682096639769,276.6611317163261,276.9208679199219,32193300,Apple
2025-12-10,277.490342786908,279.48847306800184,276.1815698919154,278.5193786621094,33038300,Apple
2025-12-11,278.83908758708685,279.3286197507982,273.5540244422053,277.77008056640625,33248000,Apple
2025-12-12,277.64021728323,278.9589906850317,276.5612402656973,278.0198669433594,39532900,Apple
2025-12-15,279.8880911943856,279.8880911943856,272.5849275039148,273.8537292480469,50409100,Apple
2025-12-16,272.5649667835892,275.2424541197232,271.53593087885605,274.353271484375,37648600,Apple
2025-12-17,274.75292651919426,275.90184538512057,271.38608172110213,271.58587646484375,50138700,Apple
2025-12-18,273.35420232069225,273.374203136776,266.7004552212896,271.935546875,51630700,Apple
2025-12-19,271.8955859651445,274.34330788170604,269.64768928264715,273.4141845703125,144632000,Apple
2025-12-22,272.6048920133635,273.62395794129594,270.25711338978425,270.7166748046875,36571800,Apple
2025-12-23,270.5868091030317,272.2452609569047,269.30800689497966,272.1053771972656,29642000,Apple
2025-12-24,272.085389177814,275.17249671786806,271.9455359163183,273.55401611328125,17910600,Apple
2025-12-26,273.9037084592662,275.1125687682936,272.6049054553,273.1444091796875,21521800,Apple
2025-12-29,272.4350823114352,274.10350406329195,272.0954038139857,273.50408935546875,23715200,Apple
2025-12-30,272.5549704076282,273.82377221524894,272.02546707967076,272.82470703125,22139600,Apple
2025-12-31,272.80472532736104,273.42414083736213,271.49595243002375,271.6058349609375,27293600,Apple
2026-01-02,272.0054842546519,277.58025431004916,268.7485221479618,270.75665283203125,37838100,Apple
2026-01-05,270.38700744645297,271.25618925068443,265.89121426121545,267.0101623535156,45647200,Apple
2026-01-06,266.7503924619391,267.2998660934885,261.8749496989937,262.1147155761719,52352100,Apple
2026-01-07,262.95395138764474,263.4334831315393,259.56710600115036,260.08660888671875,48309800,Apple
2026-01-08,256.7797203952787,259.0476178563403,255.46096229095477,258.7978515625,50419300,Apple
2026-01-09,258.8377955175017,259.9667440583015,255.98048371428257,259.1275329589844,39997000,Apple
2026-01-12,258.9177364764393,261.05572011368304,256.5599267903311,260.0067138671875,45263800,Apple
2026-01-13,258.4781303943212,261.56523797230057,258.148452318208,260.8059387207031,45730800,Apple
2026-01-14,259.247418118488,261.57525710051715,256.4700180914029,259.71697998046875,40019400,Apple
2026-01-15,260.40631875644857,260.7959687899761,256.8096782083212,257.9685974121094,39388600,Apple
2026-01-16,257.6589020182799,258.6579671912775,254.69167723491495,255.29112243652344,72142800,Apple
2026-01-20,252.49373739571587,254.55180921698133,243.19244305608962,246.46937561035156,80267500,Apple
2026-01-21,248.46750904444812,251.3248360900433,244.9507953165175,247.41848754882812,54641700,Apple
2026-01-22,248.96703988447874,250.76536025794266,247.9180183962477,248.1178436279297,39708300,Apple
2026-01-23,247.08880782235642,249.17685039145397,244.45126111041233,247.80812072753906,41689000,Apple
2026-01-26,251.24490015634893,256.32015295784896,249.5664780183616,255.17123413085938,55969200,Apple
2026-01-27,258.92771692213245,261.70511669708895,257.96859246831417,258.0285339355469,49648300,Apple
2026-01-28,257.409147241713,258.61800761819165,254.27208306792676,256.2002868652344,41288000,Apple
2026-01-29,257.75880668092503,259.4072580677027,254.17216647920577,258.0385437011719,67253000,Apple
2026-01-30,254.93144331105526,261.6551472598355,251.94423313215475,259.2374267578125,92443400,Apple
2026-02-02,259.7869174093499,270.2371306501278,258.9676766447768,269.7575988769531,73913400,Apple
2026-02-03,268.9483513556569,271.6258386480508,267.3598109321867,269.22808837890625,64394700,Apple
2026-02-04,272.03545112075,278.68922850453845,272.03545112075,276.23150634765625,90545700,Apple
2026-02-05,277.86999494352693,279.2387093202658,272.97458180817284,275.6520690917969,52977400,Apple
2026-02-06,276.8609202349588,280.6473855638201,276.67109542368036,277.8599853515625,50453400,Apple
2026-02-09,277.9100036621094,278.20001220703125,271.70001220703125,274.6199951171875,44623400,Apple
2026-02-10,274.8900146484375,275.3699951171875,272.94000244140625,273.67999267578125,34376900,Apple
2026-02-11,274.70001220703125,280.17999267578125,274.45001220703125,275.5,51931300,Apple
2026-02-12,275.5899963378906,275.7200012207031,260.17999267578125,261.7300109863281,81077200,Apple
2026-02-13,262.010009765625,262.2300109863281,255.4499969482422,255.77999877929688,56290700,Apple
2026-02-17,258.04998779296875,266.2900085449219,255.5399932861328,263.8800048828125,58469100,Apple
2026-02-18,263.6000061035156,266.82000732421875,262.45001220703125,264.3500061035156,34203300,Apple
2026-02-19,262.6000061035156,264.4800109863281,260.04998779296875,260.5799865722656,30845300,Apple
2026-02-20,258.9700012207031,264.75,258.1600036621094,264.5799865722656,42070500,Apple
2026-02-23,263.489990234375,269.42999267578125,263.3800048828125,266.17999267578125,37308200,Apple
2026-02-24,267.8599853515625,274.8900146484375,267.7099914550781,272.1400146484375,47014600,Apple
2026-02-25,271.7799987792969,274.94000244140625,271.04998779296875,274.2300109863281,33714300,Apple
2026-02-26,274.95001220703125,276.1099853515625,270.79998779296875,272.95001220703125,32345100,Apple
2026-02-27,272.80999755859375,272.80999755859375,262.8900146484375,264.17999267578125,72366500,Apple
2026-03-02,262.4100036621094,266.5299987792969,260.20001220703125,264.7200012207031,41827900,Apple
2026-03-03,263.4800109863281,265.55999755859375,260.1300048828125,263.75,38568900,Apple
2026-03-04,264.6499938964844,266.1499938964844,261.4200134277344,262.5199890136719,39803100,Apple
2026-03-05,260.7900085449219,261.55999755859375,257.25,260.2900085449219,49658600,Apple
2026-03-06,258.6300048828125,258.7699890136719,254.3699951171875,257.4599914550781,41120000,Apple
2026-03-09,255.69000244140625,261.1499938964844,253.67999267578125,259.8800048828125,38218500,Apple
2026-03-10,257.6499938964844,262.4800109863281,256.95001220703125,260.8299865722656,30590800,Apple
2026-03-11,261.0899963378906,262.1300048828125,259.54998779296875,260.80999755859375,26218900,Apple
2026-03-12,258.6600036621094,258.95001220703125,254.17999267578125,255.75999450683594,40794000,Apple
2026-03-13,255.47999572753906,256.3299865722656,249.52000427246094,250.1199951171875,36930000,Apple
2026-03-16,252.11000061035156,253.88999938964844,249.8800048828125,252.82000732421875,32074200,Apple
2026-03-17,252.9600067138672,255.1300048828125,252.17999267578125,254.22999572753906,32361600,Apple
2026-03-18,252.6300048828125,254.94000244140625,249.0,249.94000244140625,35757900,Apple
2026-03-19,249.39999389648438,251.8300018310547,247.3000030517578,248.9600067138672,34864100,Apple
2026-03-20,247.97999572753906,249.1999969482422,246.0,247.99000549316406,88331100,Apple
2026-03-23,253.97000122070312,254.60000610351562,250.27999877929688,251.49000549316406,40546100,Apple
2026-03-24,250.35000610351562,254.8300018310547,249.5500030517578,251.63999938964844,45152300,Apple
2026-03-25,254.10000610351562,255.0,251.60000610351562,252.6199951171875,28476700,Apple
2026-03-26,252.1199951171875,257.0,250.77000427246094,252.88999938964844,41796700,Apple
2026-03-27,253.89999389648438,255.49000549316406,248.07000732421875,248.8000030517578,47900000,Apple
2026-03-30,250.07000732421875,250.8699951171875,245.50999450683594,246.6300048828125,39446200,Apple
2026-03-31,247.91000366210938,255.47999572753906,247.10000610351562,253.7899932861328,49598100,Apple
2026-04-01,254.0800018310547,256.17999267578125,253.3300018310547,255.6300048828125,40059400,Apple
2026-04-02,254.1999969482422,256.1300048828125,250.64999389648438,255.9199981689453,31289400,Apple
2026-04-06,256.510009765625,262.1600036621094,256.4599914550781,258.8599853515625,29329900,Apple
2026-04-07,256.1600036621094,256.20001220703125,245.6999969482422,253.5,62148000,Apple
2026-04-08,258.45001220703125,259.75,256.5299987792969,258.8999938964844,41032800,Apple
2026-04-09,259.0,261.1199951171875,256.07000732421875,260.489990234375,28121600,Apple
2026-04-10,259.9800109863281,262.19000244140625,259.0199890136719,260.4800109863281,31291500,Apple
2026-04-13,259.7300109863281,260.17999267578125,256.6600036621094,259.20001220703125,36234700,Apple
2026-04-14,259.25,261.92999267578125,257.19000244140625,258.8299865722656,48370700,Apple
2026-04-15,258.1600036621094,266.55999755859375,257.80999755859375,266.42999267578125,49913500,Apple
2026-04-16,266.79998779296875,267.1600036621094,261.2699890136719,263.3999938964844,43323100,Apple
2026-04-17,266.9599914550781,272.29998779296875,266.7200012207031,270.2300109863281,61436200,Apple
2026-04-20,270.3299865722656,274.2799987792969,270.2900085449219,273.04998779296875,36590200,Apple
2026-04-21,271.5,272.79998779296875,265.3999938964844,266.1700134277344,50209800,Apple
2026-04-22,267.82000732421875,273.739990234375,266.8699951171875,273.1700134277344,43249200,Apple
2026-04-23,275.04998779296875,275.7699890136719,271.6499938964844,273.42999267578125,33399600,Apple
2026-04-24,272.760009765625,273.05999755859375,269.6499938964844,271.05999755859375,38124500,Apple
2025-10-27,227.66000366210938,228.39999389648438,225.5399932861328,226.97000122070312,38267000,Amazon
2025-10-28,228.22000122070312,231.49000549316406,226.2100067138672,229.25,47100000,Amazon
2025-10-29,231.6699981689453,232.82000732421875,227.75999450683594,230.3000030517578,52036200,Amazon
2025-10-30,227.05999755859375,228.44000244140625,222.75,222.86000061035156,102252900,Amazon
2025-10-31,250.10000610351562,250.5,243.97999572753906,244.22000122070312,166340800,Amazon
2025-11-03,255.36000061035156,258.6000061035156,252.89999389648438,254.0,95997800,Amazon
2025-11-04,250.3800048828125,257.010009765625,248.66000366210938,249.32000732421875,51546300,Amazon
2025-11-05,249.02999877929688,251.0,246.16000366210938,250.1999969482422,40610700,Amazon
2025-11-06,249.16000366210938,250.3800048828125,242.1699981689453,243.0399932861328,46004200,Amazon
2025-11-07,242.89999389648438,244.89999389648438,238.49000549316406,244.41000366210938,46374300,Amazon
2025-11-10,248.33999633789062,251.75,245.58999633789062,248.39999389648438,36476500,Amazon
2025-11-11,248.41000366210938,249.75,247.22999572753906,249.10000610351562,23564100,Amazon
2025-11-12,250.24000549316406,250.3699951171875,243.75,244.1999969482422,31190100,Amazon
2025-11-13,243.0500030517578,243.75,236.5,237.5800018310547,41401700,Amazon
2025-11-14,235.05999755859375,238.72999572753906,232.88999938964844,234.69000244140625,38956700,Amazon
2025-11-17,233.25,234.60000610351562,229.19000244140625,232.8699951171875,59919000,Amazon
2025-11-18,228.10000610351562,230.1999969482422,222.4199981689453,222.5500030517578,60608400,Amazon
2025-11-19,223.74000549316406,223.74000549316406,218.52000427246094,222.69000244140625,58335600,Amazon
2025-11-20,227.0500030517578,227.41000366210938,216.74000549316406,217.13999938964844,50309000,Amazon
2025-11-21,216.35000610351562,222.2100067138672,215.17999267578125,220.69000244140625,68490500,Amazon
2025-11-24,222.55999755859375,227.3300018310547,222.27000427246094,226.27999877929688,54318400,Amazon
2025-11-25,226.3800048828125,230.52000427246094,223.8000030517578,229.6699981689453,39379300,Amazon
2025-11-26,230.74000549316406,231.75,228.77000427246094,229.16000366210938,38497900,Amazon
2025-11-28,231.24000549316406,233.2899932861328,230.22000122070312,233.22000122070312,20292300,Amazon
2025-12-01,233.22000122070312,235.8000030517578,232.25,233.8800048828125,42904000,Amazon
2025-12-02,235.00999450683594,238.97000122070312,233.5500030517578,234.4199981689453,45785400,Amazon
2025-12-03,233.35000610351562,233.3800048828125,230.61000061035156,232.3800048828125,35495100,Amazon
2025-12-04,232.77000427246094,233.5,226.8000030517578,229.11000061035156,45683200,Amazon
2025-12-05,230.32000732421875,231.24000549316406,228.5500030517578,229.52999877929688,33117400,Amazon
2025-12-08,229.58999633789062,230.8300018310547,226.27000427246094,226.88999938964844,35019200,Amazon
2025-12-09,226.83999633789062,228.57000732421875,225.11000061035156,227.9199981689453,25841700,Amazon
2025-12-10,228.80999755859375,232.4199981689453,228.4600067138672,231.77999877929688,38790700,Amazon
2025-12-11,230.7100067138672,232.11000061035156,228.69000244140625,230.27999877929688,28249600,Amazon
2025-12-12,229.8699951171875,230.0800018310547,225.1199951171875,226.19000244140625,35639100,Amazon
2025-12-15,227.92999267578125,227.92999267578125,221.5,222.5399932861328,47286100,Amazon
2025-12-16,223.0399932861328,223.66000366210938,221.1300048828125,222.55999755859375,39298900,Amazon
2025-12-17,224.66000366210938,225.19000244140625,220.99000549316406,221.27000427246094,44034400,Amazon
2025-12-18,225.7100067138672,229.22999572753906,224.41000366210938,226.75999450683594,50272400,Amazon
2025-12-19,226.75999450683594,229.1300048828125,225.5800018310547,227.35000610351562,85544400,Amazon
2025-12-22,228.61000061035156,229.47999572753906,226.7100067138672,228.42999267578125,32261300,Amazon
2025-12-23,229.05999755859375,232.4499969482422,228.72999572753906,232.13999938964844,29230200,Amazon
2025-12-24,232.1300048828125,232.9499969482422,231.3300018310547,232.3800048828125,11420500,Amazon
2025-12-26,232.0399932861328,232.99000549316406,231.17999267578125,232.52000427246094,15994700,Amazon
2025-12-29,231.94000244140625,232.60000610351562,230.77000427246094,232.07000732421875,19797900,Amazon
2025-12-30,231.2100067138672,232.77000427246094,230.1999969482422,232.52999877929688,21910500,Amazon
2025-12-31,232.91000366210938,232.99000549316406,230.1199951171875,230.82000732421875,24383700,Amazon
2026-01-02,231.33999633789062,235.4600067138672,224.6999969482422,226.5,51456200,Amazon
2026-01-05,228.83999633789062,234.0,227.17999267578125,233.05999755859375,49733300,Amazon
2026-01-06,232.10000610351562,243.17999267578125,232.07000732421875,240.92999267578125,53764700,Amazon
2026-01-07,239.61000061035156,245.2899932861328,239.52000427246094,241.55999755859375,42236500,Amazon
2026-01-08,243.05999755859375,246.41000366210938,241.8800048828125,246.2899932861328,39509800,Amazon
2026-01-09,244.57000732421875,247.86000061035156,242.24000549316406,247.3800048828125,34560000,Amazon
2026-01-12,246.72999572753906,248.94000244140625,245.9600067138672,246.47000122070312,35867800,Amazon
2026-01-13,246.52999877929688,247.66000366210938,240.25,242.60000610351562,38371800,Amazon
2026-01-14,241.14999389648438,241.27999877929688,236.22000122070312,236.64999389648438,41410600,Amazon
2026-01-15,239.30999755859375,240.64999389648438,236.6300048828125,238.17999267578125,43003600,Amazon
2026-01-16,239.08999633789062,239.57000732421875,236.41000366210938,239.1199951171875,45888300,Amazon
2026-01-20,233.75999450683594,235.08999633789062,229.33999633789062,231.0,47737900,Amazon
2026-01-21,231.08999633789062,232.3000030517578,226.8800048828125,231.30999755859375,47276100,Amazon
2026-01-22,234.0500030517578,235.72000122070312,230.89999389648438,234.33999633789062,31913300,Amazon
2026-01-23,234.9600067138672,240.4499969482422,234.57000732421875,239.16000366210938,33778500,Amazon
2026-01-26,239.97999572753906,240.9499969482422,237.5399932861328,238.4199981689453,32825500,Amazon
2026-01-27,239.69000244140625,244.8800048828125,238.0800018310547,244.67999267578125,38029200,Amazon
2026-01-28,246.3699951171875,247.77999877929688,241.52999877929688,243.00999450683594,40882700,Amazon
2026-01-29,242.82000732421875,243.0,236.74000549316406,241.72999572753906,47229600,Amazon
2026-01-30,239.88999938964844,243.32000732421875,237.63999938964844,239.3000030517578,46585000,Amazon
2026-02-02,238.30999755859375,245.6300048828125,238.1699981689453,242.9600067138672,37546100,Amazon
2026-02-03,244.97999572753906,246.35000610351562,235.4499969482422,238.6199951171875,53831300,Amazon
2026-02-04,238.86000061035156,238.86000061035156,231.82000732421875,232.99000549316406,51299900,Amazon
2026-02-05,224.91000366210938,226.30999755859375,220.3800048828125,222.69000244140625,103509200,Amazon
2026-02-06,202.6999969482422,211.44000244140625,200.30999755859375,210.32000732421875,179210900,Amazon
2026-02-09,208.97000122070312,212.80999755859375,203.35000610351562,208.72000122070312,91178400,Amazon
2026-02-10,208.8000030517578,212.64999389648438,206.41000366210938,206.9600067138672,67175000,Amazon
2026-02-11,208.05999755859375,208.57000732421875,202.49000549316406,204.0800018310547,65545500,Amazon
2026-02-12,203.9600067138672,203.9600067138672,197.55999755859375,199.60000610351562,83975400,Amazon
2026-02-13,198.8800048828125,201.16000366210938,197.27999877929688,198.7899932861328,66321600,Amazon
2026-02-17,198.1300048828125,201.74000549316406,196.0,201.14999389648438,69879200,Amazon
2026-02-18,202.07000732421875,206.86000061035156,201.50999450683594,204.7899932861328,51003300,Amazon
2026-02-19,203.8000030517578,205.63999938964844,202.80999755859375,204.86000061035156,35669600,Amazon
2026-02-20,204.75999450683594,211.1699981689453,203.75,210.11000061035156,65881600,Amazon
2026-02-23,208.10000610351562,208.42999267578125,203.11000061035156,205.27000427246094,53581500,Amazon
2026-02-24,205.47000122070312,210.36000061035156,203.25,208.55999755859375,41137200,Amazon
2026-02-25,210.4600067138672,211.58999633789062,208.92999267578125,210.63999938964844,41346400,Amazon
2026-02-26,210.72999572753906,211.0500030517578,205.35000610351562,207.9199981689453,47756800,Amazon
2026-02-27,206.8300018310547,210.3300018310547,205.1999969482422,210.0,57422800,Amazon
2026-03-02,204.5500030517578,209.72999572753906,203.4600067138672,208.38999938964844,46001000,Amazon
2026-03-03,203.10000610351562,209.17999267578125,202.47999572753906,208.72999572753906,43184900,Amazon
2026-03-04,210.47000122070312,217.5399932861328,210.14999389648438,216.82000732421875,54731100,Amazon
2026-03-05,215.97999572753906,220.47000122070312,215.58999633789062,218.94000244140625,60943400,Amazon
2026-03-06,214.99000549316406,217.32000732421875,212.52999877929688,213.2100067138672,51152700,Amazon
2026-03-09,210.4499969482422,213.82000732421875,207.11000061035156,213.49000549316406,54642900,Amazon
2026-03-10,214.19000244140625,215.64999389648438,212.42999267578125,214.3300018310547,35678800,Amazon
2026-03-11,215.7100067138672,217.0,211.35000610351562,212.64999389648438,34199300,Amazon
2026-03-12,210.38999938964844,211.7100067138672,208.14999389648438,209.52999877929688,44349500,Amazon
2026-03-13,209.61000061035156,210.55999755859375,206.22000122070312,207.6699981689453,35662100,Amazon
2026-03-16,208.35000610351562,212.72000122070312,207.4499969482422,211.74000549316406,42209300,Amazon
2026-03-17,212.82000732421875,215.6999969482422,212.42999267578125,215.1999969482422,44969900,Amazon
2026-03-18,213.92999267578125,215.13999938964844,208.8300018310547,209.8699951171875,37846600,Amazon
2026-03-19,207.05999755859375,209.1199951171875,206.0500030517578,208.75999450683594,36440600,Amazon
2026-03-20,207.39999389648438,207.5399932861328,204.32000732421875,205.3699951171875,63694600,Amazon
2026-03-23,209.7899932861328,212.8000030517578,209.50999450683594,210.13999938964844,44277400,Amazon
2026-03-24,207.9499969482422,209.35000610351562,206.63999938964844,207.24000549316406,35351400,Amazon
2026-03-25,211.55999755859375,213.07000732421875,209.89999389648438,211.7100067138672,36388800,Amazon
2026-03-26,210.61000061035156,212.88999938964844,207.1199951171875,207.5399932861328,46746000,Amazon
2026-03-27,206.4600067138672,206.60000610351562,199.13999938964844,199.33999633789062,56009800,Amazon
2026-03-30,201.47999572753906,203.8000030517578,199.97999572753906,200.9499969482422,46373800,Amazon
2026-03-31,204.85000610351562,210.27999877929688,204.13999938964844,208.27000427246094,58470100,Amazon
2026-04-01,210.44000244140625,213.5800018310547,208.19000244140625,210.57000732421875,45955400,Amazon
2026-04-02,206.5399932861328,212.2100067138672,204.89999389648438,209.77000427246094,31453000,Amazon
2026-04-06,209.8000030517578,212.9499969482422,209.58999633789062,212.7899932861328,25385500,Amazon
2026-04-07,211.24000549316406,213.97000122070312,209.0800018310547,213.77000427246094,28154600,Amazon
2026-04-08,223.7899932861328,226.10000610351562,219.6199951171875,221.25,51092700,Amazon
2026-04-09,225.22999572753906,233.8000030517578,223.27000427246094,233.64999389648438,65964200,Amazon
2026-04-10,235.3000030517578,240.42999267578125,235.2100067138672,238.3800048828125,56912800,Amazon
2026-04-13,237.4499969482422,240.0,235.75,239.88999938964844,42166200,Amazon
2026-04-14,241.77999877929688,252.17999267578125,241.77999877929688,249.02000427246094,72685000,Amazon
2026-04-15,249.25,250.44000244140625,247.1999969482422,248.5,43045200,Amazon
2026-04-16,248.50999450683594,250.0,244.1999969482422,249.6999969482422,41895700,Amazon
2026-04-17,254.99000549316406,256.17999267578125,250.11000061035156,250.55999755859375,52029300,Amazon
2026-04-20,249.19000244140625,250.17999267578125,245.3699951171875,248.27999877929688,39463100,Amazon
2026-04-21,255.08999633789062,255.08999633789062,249.10000610351562,249.91000366210938,42922400,Amazon
2026-04-22,252.44000244140625,255.94000244140625,250.3300018310547,255.36000061035156,36065100,Amazon
2026-04-23,255.38999938964844,258.7900085449219,253.07000732421875,255.0800018310547,39091400,Amazon
2026-04-24,259.9800109863281,264.5,257.69000244140625,263.989990234375,53695200,Amazon
2025-10-27,264.4607188078389,269.7735083332291,263.92144290721717,268.9046630859375,35235200,Google
2025-10-28,269.3241367489819,270.3627344019799,266.1384619149823,267.1071472167969,29738600,Google
2025-10-29,267.38675485794886,274.96645416764926,267.3068768000952,274.197509765625,43580300,Google
2025-10-30,291.1944142933695,291.1944142933695,279.6800575475708,281.09814453125,74876000,Google
2025-10-31,282.82575062167336,285.6119738650845,276.6541425566326,280.8085021972656,39267900,Google
2025-11-03,281.797163766903,285.14262497278366,279.42038779718166,283.3350830078125,29786000,Google
2025-11-04,276.374515458966,280.88837191256465,275.8851900258856,277.1634521484375,30078400,Google
2025-11-05,278.49163374098424,286.0314084420774,276.96371081227676,283.92425537109375,31010300,Google
2025-11-06,284.9428776795432,287.9587999323025,280.7585903155872,284.3636779785156,37173600,Google
2025-11-07,282.8257840870045,283.3950181298404,274.8166751233446,278.45172119140625,34479600,Google
2025-11-10,284.03413439651047,290.40545290698407,282.47622284552773,289.7064208984375,29557300,Google
2025-11-11,287.35962699643375,291.52398321941854,286.9302176656824,290.914794921875,19842100,Google
2025-11-12,291.2842728658537,291.613842224268,283.30512258449664,286.3210144042969,24829900,Google
2025-11-13,281.9569519907634,282.45627365196606,276.8638649512614,278.19207763671875,29494000,Google
2025-11-14,271.04178706348836,278.1820807042813,270.3327588398133,276.0350036621094,31647200,Google
2025-11-17,285.392279437324,293.55120856159544,283.1852862901624,284.63330078125,52670200,Google
2025-11-18,287.52939388700526,288.4081743957296,277.8225797399186,283.8943176269531,49158700,Google
2025-11-19,286.77042153983126,303.39782684502376,286.2411417953812,292.4127502441406,68198900,Google
2025-11-20,304.1268355762142,306.0042898345543,288.2783714658303,289.05731201171875,62025200,Google
2025-11-21,296.0178842040454,303.50770955644725,293.4513634023398,299.25347900390625,74137700,Google
2025-11-24,310.70789188393536,319.0465694557707,309.17996886834777,318.14776611328125,85165100,Google
2025-11-25,325.767421144808,328.3838617048627,317.2190369667809,323.0011901855469,88632100,Google
2025-11-26,320.2449508538883,324.0597758686898,316.36024396458464,319.5159606933594,51373400,Google
2025-11-28,322.9313108653273,326.40660086319315,316.36025071335513,319.7456359863281,26018600,Google
2025-12-01,317.2690150587685,319.41609223758667,313.464186206563,314.46282958984375,41183000,Google
2025-12-02,316.3102616947243,317.948051296999,313.4841146313127,315.38153076171875,35854700,Google
2025-12-03,315.4614340573081,321.1436861691208,313.6738540884245,319.19635009765625,41838300,Google
2025-12-04,321.7928484740126,321.92264650582644,314.27306548179905,317.1890869140625,31240900,Google
2025-12-05,319.05652267664885,322.72155681925386,318.73697999805336,320.8341064453125,28851700,Google
2025-12-08,319.82486263347363,320.21460294317257,311.0010871288888,313.49932861328125,33909400,Google
2025-12-09,312.15025542764414,317.7662971049956,311.6805848338384,316.85693359375,30194000,Google
2025-12-10,315.6078174223929,321.0839735202244,314.45863248382005,319.9847412109375,33428900,Google
2025-12-11,319.85481737290655,320.8940942947929,308.3829128168011,312.210205078125,42353700,Google
2025-12-12,313.47935032153816,314.6485102459599,305.34506149685063,309.07244873046875,35940200,Google
2025-12-15,311.1009991314403,311.2009348824072,304.66552711937686,308.003173828125,29151900,Google
2025-12-16,304.7354841263937,310.5513666605185,302.37712849550337,306.3543395996094,30585000,Google
2025-12-17,307.7933270972379,307.87325739956634,295.9116769824828,296.5112609863281,43930400,Google
2025-12-18,301.50775321966603,303.7461677101471,299.0195145942255,302.2472229003906,33518000,Google
2025-12-19,301.5177661333593,307.03387224107576,300.7582909786616,306.9439392089844,59943200,Google
2025-12-22,309.66200850448513,309.9118326328777,305.0852133945127,309.56207275390625,26429900,Google
2025-12-23,309.41219480947996,314.7184570357758,309.1024153195162,314.1288757324219,25478700,Google
2025-12-24,314.5485634057752,314.8583428959372,311.70059264113144,313.8690490722656,10097400,Google
2025-12-26,314.25877806497726,314.86833429915043,312.0603135401851,313.2894592285156,10899000,Google
2025-12-29,311.15095467052413,313.79908436732376,310.4014822754237,313.33941650390625,19621800,Google
2025-12-30,312.28018544302313,316.72706748217655,312.24020504037514,313.6292419433594,17380900,Google
2025-12-31,312.62992729269524,314.3586907819443,311.22091551782626,312.7798156738281,16377700,Google
2026-01-02,316.67708324131615,322.2731502440002,310.11169732658084,314.9283142089844,32009400,Google
2026-01-05,317.4365596004392,318.79558832967825,314.4086921415047,316.3173522949219,30195600,Google
2026-01-06,316.17741436833177,320.71422913013345,311.5606693028291,314.1188659667969,31212100,Google
2026-01-07,314.13884430323384,325.9205589972494,313.96898096999803,321.7535095214844,35104400,Google
2026-01-08,328.7385750407063,330.0876314322289,321.2738288701313,325.2110595703125,31896100,Google
2026-01-09,326.8598973489763,330.5972566011106,325.5707962902668,328.3388671875,26214200,Google
2026-01-12,325.57079145505844,333.80501545240315,324.77136644379436,331.62652587890625,33923900,Google
2026-01-13,334.7144015630273,340.25048265726696,333.38532003422745,335.7336730957031,33517600,Google
2026-01-14,334.8243096530742,336.2832741209541,330.2475447349911,335.603759765625,28525600,Google
2026-01-15,337.4124676651339,337.4524480652932,330.507324974913,332.5458984375,28442400,Google
2026-01-16,334.1747541117482,334.4145755186536,327.46948297740045,329.7678527832031,40341600,Google
2026-01-20,320.6442885211675,327.49947891315526,320.20459558658575,321.77349853515625,35361000,Google
2026-01-21,320.6942733516965,332.24613943011235,319.12537039479025,328.1490173339844,35386600,Google
2026-01-22,334.2147483456718,334.9142376434696,328.5187457270175,330.3074951171875,26253600,Google
2026-01-23,332.25610013077164,333.45526818914374,327.21966747627397,327.6993103027344,27280000,Google
2026-01-26,327.5793954045391,335.60374537803585,326.7699676491338,333.02557373046875,26042100,Google
2026-01-27,335.1340666902067,337.6722883721735,333.2454121385867,334.31463623046875,21636200,Google
2026-01-28,335.82360375323316,337.30257365930305,331.7065067534381,335.7736511230469,27434400,Google
2026-01-29,340.06060015063264,342.0492210013424,326.3103005061971,338.0120544433594,39785600,Google
2026-01-30,339.76083067041884,339.76083067041884,332.0562627255977,337.7622375488281,31024000,Google
2026-02-02,335.983495554882,344.5874244246442,335.3939142353609,343.4482421875,32006100,Google
2026-02-03,347.09564553860224,348.7544814019383,337.2325938809106,339.47100830078125,36506700,Google
2026-02-04,342.7187296036167,343.0684894885568,328.2888852617291,332.80572509765625,70618400,Google
2026-02-05,312.0003564748562,332.45595718246585,306.24439883874277,331.0169677734375,88205800,Google
2026-02-06,326.94984200428365,330.147603202773,319.694969697787,322.63287353515625,56380500,Google
2026-02-09,320.70422803551696,327.4694850607409,317.03682684844796,324.09185791015625,39640100,Google
2026-02-10,320.7441987510988,321.4437184993816,314.38865715458337,318.3558654785156,39170000,Google
2026-02-11,318.7456164455411,320.8341425405983,309.44216816023624,310.7412414550781,45406400,Google
2026-02-12,311.87044586439265,316.0175203045161,306.9839017615506,308.7826232910156,47761300,Google
2026-02-13,307.5135396808651,308.41290048065196,303.4963480144474,305.50494384765625,38499700,Google
2026-02-17,299.82893803190484,304.22583664461854,296.04159566157676,301.8075256347656,39247600,Google
2026-02-18,301.87748970860525,305.1651838815364,301.0380842700908,303.1166076660156,28482100,Google
2026-02-19,301.6076886754516,305.25511494304027,299.828942056139,302.636962890625,25834400,Google
2026-02-20,304.1059184917761,316.2773425544253,303.68620054308417,314.7584228515625,53210800,Google
2026-02-23,318.82555353627805,319.29522413676915,309.65201848441603,311.2708740234375,31423000,Google
2026-02-24,310.3015673465962,312.05033638585,305.71479964031533,310.6813049316406,25615600,Google
2026-02-25,311.84046520002283,313.4193707572093,309.22231323387047,312.67987060546875,29963600,Google
2026-02-26,312.42009761480955,312.9197459051382,302.1373272609355,307.1637878417969,36431200,Google
2026-02-27,303.92607541564644,312.1502667227519,303.5862877430576,311.54071044921875,44640600,Google
2026-03-02,303.0166882830762,308.27296712894787,301.088022863519,306.3043518066406,34790200,Google
2026-03-03,298.37994467731505,303.72618716624237,296.5012623376298,303.3664245605469,35497000,Google
2026-03-04,302.6769571429086,305.2551289128473,300.5384478137644,302.9167785644531,29536200,Google
2026-03-05,302.82681905445145,303.08661540637286,297.78035344585857,300.6683349609375,35752300,Google
2026-03-06,295.88171424137005,300.31859339921897,294.97235071392555,298.30999755859375,25576900,Google
2026-03-09,294.3599853515625,306.79998779296875,294.0799865722656,306.3599853515625,29312100,Google
2026-03-10,306.1700134277344,309.510009765625,305.57000732421875,307.0400085449219,23239700,Google
2026-03-11,306.75,311.4200134277344,305.9200134277344,308.70001220703125,24125700,Google
2026-03-12,306.82000732421875,308.94000244140625,301.0299987792969,303.54998779296875,24928300,Google
2026-03-13,307.010009765625,307.69000244140625,300.44000244140625,302.2799987792969,23693100,Google
2026-03-16,304.3500061035156,306.489990234375,303.0199890136719,305.55999755859375,23519700,Google
2026-03-17,305.8599853515625,311.4200134277344,305.5,310.9200134277344,21955200,Google
2026-03-18,309.2699890136719,312.4700012207031,306.92999267578125,307.69000244140625,20009800,Google
2026-03-19,304.010009765625,308.05999755859375,302.3500061035156,307.1300048828125,25075800,Google
2026-03-20,305.4599914550781,306.0,298.2699890136719,301.0,44364100,Google
2026-03-23,302.1099853515625,305.9800109863281,300.92999267578125,302.05999755859375,29326900,Google
2026-03-24,299.20001220703125,299.9200134277344,290.3299865722656,290.44000244140625,36864300,Google
2026-03-25,293.44000244140625,296.0,289.239990234375,290.92999267578125,29460700,Google
2026-03-26,287.9100036621094,287.95001220703125,278.5,280.9200134277344,39080600,Google
2026-03-27,277.2799987792969,279.3699951171875,273.95001220703125,274.3399963378906,35890600,Google
2026-03-30,276.4200134277344,277.0899963378906,272.1099853515625,273.5,35141200,Google
2026-03-31,278.0400085449219,288.0799865722656,277.0899963378906,287.55999755859375,43875400,Google
2026-04-01,290.8399963378906,300.5199890136719,290.4100036621094,297.3900146484375,37684500,Google
2026-04-02,290.69000244140625,298.0799865722656,289.45001220703125,295.7699890136719,21666500,Google
2026-04-06,295.8699951171875,300.6199951171875,295.17999267578125,299.989990234375,16945500,Google
2026-04-07,302.7300109863281,305.6300048828125,297.7200012207031,305.4599914550781,23205400,Google
2026-04-08,320.45001220703125,322.0799865722656,315.0199890136719,317.32000732421875,33547100,Google
2026-04-09,315.9100036621094,319.5400085449219,311.05999755859375,318.489990234375,23739200,Google
2026-04-10,320.0199890136719,321.8299865722656,316.32000732421875,317.239990234375,19152600,Google
2026-04-13,317.1400146484375,321.6300048828125,315.4700012207031,321.30999755859375,18866400,Google
2026-04-14,324.7900085449219,333.2900085449219,323.75,332.9100036621094,27721400,Google
2026-04-15,332.8900146484375,337.4800109863281,330.8999938964844,337.1199951171875,24918800,Google
2026-04-16,338.75,339.8800048828125,334.5199890136719,336.0199890136719,20541500,Google
2026-04-17,337.6499938964844,342.32000732421875,336.239990234375,341.67999267578125,25581900,Google
2026-04-20,340.760009765625,341.3999938964844,336.6099853515625,337.4200134277344,18784200,Google
2026-04-21,337.69000244140625,339.3399963378906,331.3500061035156,332.2900085449219,23123800,Google
2026-04-22,337.0199890136719,339.82000732421875,335.1700134277344,339.32000732421875,20293000,Google
2026-04-23,341.17999267578125,341.9599914550781,336.17999267578125,338.8900146484375,18650300,Google
2026-04-24,338.7300109863281,345.2699890136719,335.3900146484375,344.3999938964844,26400000,Google
2025-10-27,748.4781384032651,754.4881061640369,746.7610395763271,749.5663452148438,11321100,Meta
2025-10-28,751.3733793283152,757.1337649704751,744.2752651341964,750.1853637695312,12193800,Meta
2025-10-29,753.4897913670577,757.8924011644837,741.2702382858599,750.4149169921875,26818600,Meta
2025-10-30,668.0328178882455,679.8230975870755,649.08446528138,665.3572387695312,88440100,Meta
2025-10-31,673.383812052831,673.7631824593219,644.4921293755289,647.2674560546875,56953200,Meta
2025-11-03,654.90470367213,658.2291607688485,635.1177890022415,636.645263671875,33003600,Meta
2025-11-04,626.9913515895119,640.6684891460408,624.9647727272926,626.2725830078125,27356600,Meta
2025-11-05,631.2542465797685,641.1576663615418,625.4938610947797,634.88818359375,20219900,Meta
2025-11-06,634.7882936522686,634.938067569805,616.9681222612256,617.9065551757812,23628800,Meta
2025-11-07,615.4606203242017,621.0912176885568,600.1961723842201,620.6719360351562,29946800,Meta
2025-11-10,630.0363359130761,633.9397808237388,617.077966360211,630.7052001953125,19245000,Meta
2025-11-11,626.9514668906089,628.5088598168925,618.3558571038752,626.0330200195312,13302200,Meta
2025-11-12,627.0812350986922,627.939784558569,606.7552442025384,607.9931640625,24493300,Meta
2025-11-13,612.0463872625083,616.6187572691151,601.993193452889,608.8717041015625,20973800,Meta
2025-11-14,600.7852061056304,612.6553687237855,594.2062431482154,608.4424438476562,20724100,Meta
2025-11-17,608.0230519623859,610.6686515784111,594.4058732487083,601.0048217773438,16501300,Meta
2025-11-18,590.612218909938,602.6520806612418,582.8053290854997,596.6920776367188,25500600,Meta
2025-11-19,592.7286370493186,594.3359951431619,580.2794874440681,589.3343505859375,24744700,Meta
2025-11-20,602.4923362369276,605.706930555967,582.375956312388,588.1663208007812,20603000,Meta
2025-11-21,587.517412968027,597.1213460929463,580.88848479756,593.2578125,21052600,Meta
2025-11-24,597.7203367937327,615.6703584886146,596.6321908004635,612.0264282226562,23554900,Meta
2025-11-25,622.9580871825591,635.9862849922763,617.2675924687619,635.1576538085938,25213000,Meta
2025-11-26,636.6252677780955,637.2941320349476,630.5753884422047,632.5520629882812,15209500,Meta
2025-11-28,635.0179876534709,646.9679727244463,634.4389389877349,646.8681640625,11033200,Meta
2025-12-01,638.4821234657416,644.242508725797,636.6951341862962,639.7999267578125,13029900,Meta
2025-12-02,641.2675300698932,646.7882651016448,637.0046400682228,646.01953125,11640900,Meta
2025-12-03,643.3340098224904,647.7665988470103,636.4854785031988,638.5320434570312,11134300,Meta
2025-12-04,674.87134871331,674.9711573797597,658.9479666864565,660.425537109375,29874600,Meta
2025-12-05,662.8913386215002,673.5634922785046,661.2840414153883,672.2955932617188,21207900,Meta
2025-12-08,668.2224435191038,675.5801331063639,663.9595535520253,665.6866455078125,13161000,Meta
2025-12-09,662.6617867420982,663.3705623262879,652.2492080192432,655.8631591796875,12997100,Meta
2025-12-10,648.8648024836247,653.4171862971667,642.3257510862366,649.0444946289062,16910900,Meta
2025-12-11,642.2158631242634,654.1858943512054,639.730030479328,651.6201782226562,13056700,Meta
2025-12-12,648.7150654102267,709.8128965395189,637.543746077992,643.1543579101562,14016900,Meta
2025-12-15,645.1476664750544,652.4414097008485,638.1536544261938,646.9561157226562,15549100,Meta
2025-12-16,642.9495426008936,661.973233609148,642.6498114209788,656.587890625,14309100,Meta
2025-12-17,655.0491556477624,660.664343241777,648.644665798819,648.9443969726562,15598500,Meta
2025-12-18,656.4679564970005,669.9863502083882,655.8984367998282,663.881591796875,20260300,Meta
2025-12-19,665.8499012351181,670.4260003995075,657.6169598101359,658.2064819335938,49977100,Meta
2025-12-22,661.0840391473547,673.0038267300547,656.0883162216827,660.9341430664062,15659400,Meta
2025-12-23,659.4853234816244,665.4302455294139,657.6868755551602,664.3711547851562,8486800,Meta
2025-12-24,661.9632786179176,667.6084088263418,661.633543835896,666.9789428710938,5627500,Meta
2025-12-26,667.4885344385556,668.3777877623371,660.7543096382171,662.7225952148438,7133800,Meta
2025-12-29,657.4471149030659,659.6851889371151,653.8302165118,658.1265258789062,8506500,Meta
2025-12-30,658.1265110341435,671.6449047754843,657.2772625792347,665.3803100585938,9187500,Meta
2025-12-31,664.1813161961976,664.4311023248911,658.8758612620638,659.5253295898438,7940400,Meta
2026-01-02,662.1630447721155,663.8216588672108,642.9495146869224,649.8535766601562,13726500,Meta
2026-01-05,650.4531272549772,663.9715218041853,647.1959061445123,658.2264404296875,12213700,Meta
2026-01-06,659.0057810200069,664.9507033148827,651.3423593634897,660.0548706054688,11074400,Meta
2026-01-07,655.0791375151089,658.5861445899717,644.2583851266311,648.1350708007812,12846300,Meta
2026-01-08,645.3274855180696,646.5464125947736,635.1761427603,645.50732421875,11921700,Meta
2026-01-09,644.8878661181845,654.3897406244424,642.3000548798136,652.5013427734375,11634900,Meta
2026-01-12,651.9718010113269,653.4105105723186,640.6814191818085,641.4207763671875,14797200,Meta
2026-01-13,641.720599826752,641.720599826752,623.5660991574318,630.5501708984375,18030400,Meta
2026-01-14,625.9640568168747,627.9124008742662,614.2940558608916,614.9934692382812,15527900,Meta
2026-01-15,617.9508982377323,623.6360331340583,613.7045339245012,620.2689208984375,13076100,Meta
2026-01-16,623.6460522405506,628.5418850412981,619.5495838845379,619.7194213867188,17012500,Meta
2026-01-20,607.3600037753715,610.8770121629093,599.4867397151437,603.6032104492188,15169600,Meta
2026-01-21,606.2209580964126,617.7411240978843,599.5666821865381,612.4356689453125,14494700,Meta
2026-01-22,628.811597152667,660.0049216653568,626.0140046136898,647.0759887695312,21394700,Meta
2026-01-23,644.2184496993522,665.9198400091174,643.8987161260534,658.1964721679688,22797700,Meta
2026-01-26,664.5609947255355,674.7023359243682,660.7242529636108,671.7847900390625,16327400,Meta
2026-01-27,674.0129574053085,676.2410302656567,664.0913982323968,672.394287109375,13297400,Meta
2026-01-28,673.9229813666298,677.1002536346601,665.5301429727417,668.1578979492188,25709600,Meta
2026-01-29,736.7991536844581,743.363540655783,711.9404325537852,737.6784057617188,59852900,Meta
2026-01-30,726.8776752394725,731.5436633097714,712.9796010924755,715.8870849609375,23744600,Meta
2026-02-02,713.9886602426056,720.6829408229889,702.9181827036907,705.8056640625,14365200,Meta
2026-02-03,706.7648539132639,716.3866205151361,685.8227628297016,691.1082763671875,13760700,Meta
2026-02-04,687.1416843315144,688.2407799622291,666.8890651090074,668.417724609375,16882800,Meta
2026-02-05,663.0123852284637,680.9170392363125,652.9409906690098,669.63671875,17131800,Meta
2026-02-06,664.920685797671,671.4151252649915,645.9469408650316,660.8941650390625,18159300,Meta
2026-02-09,662.6126578425271,682.7254419812133,658.2164585284562,676.640625,14837500,Meta
2026-02-10,677.0202983345941,680.0677378888336,669.216982119095,670.1461791992188,10455800,Meta
2026-02-11,673.4234361526849,678.6889475196376,656.5378686274887,668.1179809570312,14323800,Meta
2026-02-12,669.3968787035581,675.421749916193,644.7280570616384,649.254150390625,14960100,Meta
2026-02-13,644.5481137374378,650.872715705495,634.0271535178357,639.2227172851562,12336400,Meta
2026-02-17,638.952945338547,642.0502690775812,628.2620863630333,638.7431030273438,12674700,Meta
2026-02-18,633.2578140286595,644.4482453696517,627.6126838179015,642.6697387695312,14649200,Meta
2026-02-19,638.0237449576674,646.6363661317032,636.1752909436037,644.2284545898438,10035700,Meta
2026-02-20,639.1428111159805,662.7825455010891,638.2336163631846,655.09912109375,14183500,Meta
2026-02-23,651.9817939677475,657.1374142434245,635.455964272141,636.7048950195312,8605900,Meta
2026-02-24,632.5384628258726,640.5615620292823,628.4419334902003,638.7531127929688,10135600,Meta
2026-02-25,641.9803720795121,653.3206382422114,641.5906910720822,653.1307983398438,11330700,Meta
2026-02-26,649.9935020296807,660.4345752110744,646.9461232211356,656.447998046875,10637700,Meta
2026-02-27,642.8995542116262,648.8844201349368,637.5740968396581,647.62548828125,15703000,Meta
2026-03-02,636.6149203669017,659.3754626922687,633.9572226725116,653.0009155273438,9816100,Meta
2026-03-03,647.7354225434952,658.4762268569145,638.293554979916,654.5196533203125,12263800,Meta
2026-03-04,657.397151925757,672.1944798634893,657.1073609851721,667.1587524414062,10810100,Meta
2026-03-05,661.363765843265,670.1262833419206,649.7537106790966,660.0049438476562,13341400,Meta
2026-03-06,647.3457881163396,648.9143914185428,635.5658346648192,644.308349609375,13159400,Meta
2026-03-09,634.2369839533108,647.195859029807,626.2438278402449,646.836181640625,13489700,Meta
2026-03-10,653.0009245574777,659.7351492208539,648.444827744844,653.510498046875,9859300,Meta
2026-03-11,654.1999146227295,658.5561703533895,647.8053649208291,654.2998046875,8977200,Meta
2026-03-12,648.1950599902964,652.9409968457168,636.355220859953,637.6340942382812,11617500,Meta
2026-03-13,623.3562813254467,628.6317326131165,609.0285222575777,613.1849975585938,18957600,Meta
2026-03-16,632.0,634.75,623.0999755859375,627.4500122070312,15134900,Meta
2026-03-17,627.989990234375,636.5499877929688,621.7000122070312,622.6599731445312,10348800,Meta
2026-03-18,616.3400268554688,622.6500244140625,614.6099853515625,615.6799926757812,11726300,Meta
2026-03-19,612.1500244140625,613.0,602.260009765625,606.7000122070312,13247700,Meta
2026-03-20,603.530029296875,603.9600219726562,587.25,593.6599731445312,21214900,Meta
2026-03-23,605.7899780273438,608.6400146484375,599.010009765625,604.0599975585938,13638000,Meta
2026-03-24,599.0999755859375,601.0,591.0,592.9199829101562,10739700,Meta
2026-03-25,598.739990234375,603.6699829101562,593.4000244140625,594.8900146484375,12585000,Meta
2026-03-26,582.489990234375,583.0,543.3499755859375,547.5399780273438,35780100,Meta
2026-03-27,540.0999755859375,543.5999755859375,520.260009765625,525.719970703125,30133000,Meta
2026-03-30,536.3800048828125,539.5499877929688,528.5399780273438,536.3800048828125,22795200,Meta
2026-03-31,549.97998046875,573.6900024414062,546.77001953125,572.1300048828125,32898300,Meta
2026-04-01,580.1300048828125,592.5499877929688,573.8200073242188,579.22998046875,23608100,Meta
2026-04-02,566.0399780273438,578.5,559.7000122070312,574.4600219726562,13518500,Meta
2026-04-06,577.6900024414062,582.7899780273438,572.0,573.02001953125,9515700,Meta
2026-04-07,572.47998046875,575.22998046875,564.760009765625,575.0499877929688,9580800,Meta
2026-04-08,606.0,629.9500122070312,591.8300170898438,612.4199829101562,32036600,Meta
2026-04-09,626.969970703125,637.5,623.0,628.3900146484375,19012900,Meta
2026-04-10,634.469970703125,638.5800170898438,624.3300170898438,629.8599853515625,13294800,Meta
2026-04-13,629.5,635.0,624.4000244140625,634.530029296875,9538900,Meta
2026-04-14,643.219970703125,666.260009765625,639.3699951171875,662.489990234375,17818000,Meta
2026-04-15,667.0,678.5,664.219970703125,671.5800170898438,14952600,Meta
2026-04-16,675.989990234375,677.5800170898438,667.75,676.8699951171875,9544800,Meta
2026-04-17,678.5999755859375,691.52001953125,675.1300048828125,688.5499877929688,16283500,Meta
2026-04-20,681.3599853515625,683.3800048828125,668.0,670.9099731445312,12534000,Meta
2026-04-21,671.0,676.2000122070312,667.3300170898438,668.8400268554688,8660100,Meta
2026-04-22,674.3599853515625,678.3800048828125,669.75,674.719970703125,9215600,Meta
2026-04-23,663.7000122070312,669.5599975585938,653.0499877929688,659.1500244140625,11667000,Meta
2026-04-24,660.3200073242188,680.6699829101562,653.8400268554688,675.030029296875,13333400,Meta
2025-10-27,529.577902779321,532.3662956890146,526.819354031342,529.3189697265625,18734700,Microsoft
2025-10-28,547.722348424072,551.4269140414981,538.5305910090683,539.8251953125,29986700,Microsoft
2025-10-29,542.6832878753321,544.0077970763692,534.5072653816836,539.3073120117188,36023000,Microsoft
2025-10-30,528.2831883129468,532.7545848667123,519.9578228356851,523.582763671875,41023100,Microsoft
2025-10-31,526.6898137654194,527.1279940743384,512.9668501497666,515.6656494140625,34006400,Microsoft
2025-11-03,517.657371934483,522.7860691817526,512.4590180581705,514.888916015625,22374700,Microsoft
2025-11-04,509.6407695643784,513.4150529816625,505.73698923396887,512.2001342773438,20958700,Microsoft
2025-11-05,511.17434154282535,512.6980347767452,504.4821687767013,505.0597839355469,23024300,Microsoft
2025-11-06,503.5659922381216,503.6058351018555,493.75677643867937,495.04144287109375,27406500,Microsoft
2025-11-07,494.89207027354036,497.31199999791255,491.2073803526309,494.7626037597656,24019800,Microsoft
2025-11-10,497.96929153220975,504.7510881917551,496.73440583349895,503.90460205078125,26101500,Microsoft
2025-11-11,502.70954902224156,507.48968986721945,500.26971300797675,506.573486328125,17980000,Microsoft
2025-11-12,507.2506574723947,509.5511194130969,497.05307240824305,509.0233154296875,26574900,Microsoft
2025-11-13,508.1967287528611,511.3735209246628,499.2140928412288,501.205810546875,25273100,Microsoft
2025-11-14,496.16679552350377,509.48142428367663,495.3800584752997,508.0672912597656,28505700,Microsoft
2025-11-17,506.34447416817187,509.9992593431845,502.8191251226507,505.388427734375,19092800,Microsoft
2025-11-18,493.31862192366924,500.89712400975867,484.76419755903834,491.74517822265625,33815100,Microsoft
2025-11-19,488.070453670226,493.13937183157236,480.8305400064438,485.102783203125,23245300,Microsoft
2025-11-20,491.5879641710541,492.4460215630244,474.41716428973194,477.3404846191406,26802500,Microsoft
2025-11-21,477.4103368698009,477.8293938228302,467.20362215472323,471.04486083984375,31769200,Microsoft
2025-11-24,473.9183160323131,475.8139832068258,466.9542001322548,472.92059326171875,34421000,Microsoft
2025-11-25,472.9904142849383,478.0588322743821,463.8313270788984,475.90374755859375,28019800,Microsoft
2025-11-26,485.2025316262965,487.1979770584782,480.10418316215106,484.3943786621094,25709100,Microsoft
2025-11-28,486.48962635446395,491.5081706450152,485.54177754838196,490.88958740234375,14386700,Microsoft
2025-12-01,487.32770213243884,488.7444513856018,483.5463243869077,485.6315612792969,23964000,Microsoft
2025-12-02,485.6116258193264,492.3761849539621,485.2125428025972,488.8841552734375,19562700,Microsoft
2025-12-03,475.23529714339696,483.13724409881166,474.1178525596479,476.64208984375,34615100,Microsoft
2025-12-04,478.6674679630734,480.2239129901724,475.40489514051177,479.7449951171875,22318200,Microsoft
2025-12-05,481.4211657314621,482.299166614698,477.78947078944657,482.0597229003906,22608700,Microsoft
2025-12-08,483.7858099301447,491.17890888246444,483.2769615726175,489.9018249511719,21965900,Microsoft
2025-12-09,487.9862027558801,490.99931449735556,487.3875630167038,490.8995361328125,14696100,Microsoft
2025-12-10,482.92772884397027,483.14722906115725,473.99809828560024,477.4701843261719,35756200,Microsoft
2025-12-11,475.5445986070271,484.92318635563356,474.7763326037194,482.3690185546875,24669200,Microsoft
2025-12-12,478.72734800157895,481.3513637649093,475.2552617920193,477.4402770996094,21248100,Microsoft
2025-12-15,479.0066832317436,479.6252664455081,471.44392797474177,473.73870849609375,23727700,Microsoft
2025-12-16,470.8353364785088,476.80172935648005,469.8076832860371,475.3051452636719,20705600,Microsoft
2025-12-17,475.8239455574328,478.9069051052783,473.9182915104317,475.0357360839844,24527200,Microsoft
2025-12-18,477.10104539067044,488.4850656489584,476.8017407441929,482.87786865234375,28573500,Microsoft
2025-12-19,486.2501387748106,486.73904362092316,481.39123391446003,484.8134460449219,70836100,Microsoft
2025-12-22,485.01298390813173,487.6170561484318,481.5908021440126,483.81573486328125,16963000,Microsoft
2025-12-23,483.8755963136496,486.71908182827985,483.63612214595605,485.7413330078125,14683600,Microsoft
2025-12-24,484.5739628623746,488.04604888584674,483.7258924615979,486.90863037109375,5855900,Microsoft
2025-12-26,485.601642461088,487.00843522519267,484.85335038112265,486.599365234375,8842200,Microsoft
2025-12-29,483.7558335295542,487.23790659993216,483.0773893732932,485.9907531738281,10893400,Microsoft
2025-12-30,484.82341501264875,488.56487537463653,484.39440153201394,486.3699035644531,13944500,Microsoft
2025-12-31,486.7290680267604,487.0284031238816,482.1993981667827,482.5186767578125,15601600,Microsoft
2026-01-02,483.2869444224563,483.5563186075122,469.0893385249197,471.8630065917969,25571600,Microsoft
2026-01-05,472.98042932285466,474.9858617296903,468.4308161640092,471.773193359375,25250300,Microsoft
2026-01-06,472.72102257015473,477.64977534720424,468.68025764779384,477.4203186035156,23037700,Microsoft
2026-01-07,478.6674756822987,488.5848422406915,476.86159994291296,482.3690185546875,25564200,Microsoft
2026-01-08,480.14408679814625,481.5608665012806,474.7763335277468,477.0212097167969,18162600,Microsoft
2026-01-09,472.9804540365218,478.72734693664125,471.1247042989064,478.1885681152344,18491000,Microsoft
2026-01-12,475.5845048686955,479.89464390147504,474.59673866594744,476.09332275390625,23519900,Microsoft
2026-01-13,473.5990225282599,474.6965236309785,464.888922501957,469.5981750488281,28545800,Microsoft
2026-01-14,465.39775666549855,467.13381499707015,456.1289340170423,458.3338928222656,28184300,Microsoft
2026-01-15,463.0630900555096,463.1927988881192,454.8618076165624,455.6200866699219,23225800,Microsoft
2026-01-16,456.78739866953146,462.13520850615447,455.4404972994736,458.8127746582031,34246700,Microsoft
2026-01-20,450.1924514863621,455.7597309230742,448.2568669541529,453.48492431640625,26130000,Microsoft
2026-01-21,451.56931960591265,451.65911099901973,437.68100562513575,443.0986328125,37980500,Microsoft
2026-01-22,446.600636936346,451.8087507279656,443.6873036586902,450.1126403808594,25349400,Microsoft
2026-01-23,450.8409629929935,470.0271819611143,449.50401819491054,464.888916015625,38000200,Microsoft
2026-01-26,464.25036221183507,473.1700058760031,460.94790240319116,469.20904541015625,29291200,Microsoft
2026-01-27,472.62128861771004,481.7703893732875,472.0825097961169,479.485595703125,29213900,Microsoft
2026-01-28,482.10959164059926,482.63838346935967,476.9114647448887,480.533203125,36875400,Microsoft
2026-01-29,438.98802836564175,441.49232224197124,420.06122635013605,432.5128173828125,128855300,Microsoft
2026-01-30,438.1699022937122,438.5989157576861,425.47886802078926,429.31011962890625,58566800,Microsoft
2026-02-02,429.2602343395754,429.7590957240154,421.28843915961005,422.4058837890625,42219900,Microsoft
2026-02-03,421.0489834358989,421.0888704228976,407.6296003977664,410.2735595703125,61424100,Microsoft
2026-02-04,410.0640575889883,418.84400576689177,408.3080557741746,413.2467956542969,45012400,Microsoft
2026-02-05,406.51216038211834,407.37018733348754,391.4265972483441,392.7735290527344,66289200,Microsoft
2026-02-06,398.2609865133262,400.87501513504304,392.0252195920243,400.22650146484375,53515300,Microsoft
2026-02-09,403.9280678877113,413.94521298339265,399.9571203178888,412.65814208984375,45480500,Microsoft
2026-02-10,418.66440278178237,422.7151545880433,411.76017861216997,412.328857421875,44857900,Microsoft
2026-02-11,415.2322299614449,415.51159110220135,400.096793508188,403.4491271972656,42491000,Microsoft
2026-02-12,404.07770370563327,405.2749831551046,397.1036315998776,400.9248962402344,40802400,Microsoft
2026-02-13,403.528974460687,404.61648859375555,397.1435245648219,400.4060974121094,34091600,Microsoft
2026-02-17,398.31087932693146,399.60790672873594,393.6315571718042,395.95623779296875,32078800,Microsoft
2026-02-18,397.2233488345012,401.6432531481791,395.41747315874426,398.69000244140625,23223400,Microsoft
2026-02-19,400.69000244140625,404.42999267578125,396.6700134277344,398.4599914550781,28234000,Microsoft
2026-02-20,396.1099853515625,400.1199951171875,395.1600036621094,397.2300109863281,34015200,Microsoft
2026-02-23,395.0,395.3599853515625,383.1000061035156,384.4700012207031,43238300,Microsoft
2026-02-24,384.1400146484375,389.3599853515625,381.7099914550781,389.0,33884700,Microsoft
2026-02-25,390.5299987792969,401.4700012207031,390.1600036621094,400.6000061035156,43625500,Microsoft
2026-02-26,404.7099914550781,407.489990234375,398.739990234375,401.7200012207031,34405900,Microsoft
2026-02-27,390.8800048828125,396.82000732421875,389.8800048828125,392.739990234375,51367200,Microsoft
2026-03-02,392.8599853515625,401.19000244140625,390.6300048828125,398.54998779296875,35474900,Microsoft
2026-03-03,393.1400146484375,406.70001220703125,392.6700134277344,403.92999267578125,38199200,Microsoft
2026-03-04,401.2699890136719,411.0299987792969,400.30999755859375,405.20001220703125,35808000,Microsoft
2026-03-05,404.4200134277344,411.6099853515625,404.3999938964844,410.67999267578125,39001300,Microsoft
2026-03-06,409.20001220703125,413.04998779296875,408.510009765625,408.9599914550781,31123900,Microsoft
2026-03-09,404.9200134277344,410.2099914550781,403.5,409.4100036621094,30131900,Microsoft
2026-03-10,410.0299987792969,410.20001220703125,402.92999267578125,405.760009765625,31706400,Microsoft
2026-03-11,405.57000732421875,409.010009765625,401.5899963378906,404.8800048828125,25512100,Microsoft
2026-03-12,404.6300048828125,406.1199951171875,401.7099914550781,401.8599853515625,27263900,Microsoft
2026-03-13,401.0,404.79998779296875,394.25,395.54998779296875,26848000,Microsoft
2026-03-16,398.07000732421875,400.6300048828125,394.7900085449219,399.95001220703125,27733700,Microsoft
2026-03-17,400.2699890136719,404.3999938964844,397.75,399.4100036621094,26228300,Microsoft
2026-03-18,397.1300048828125,398.0,391.0,391.7900085449219,25908500,Microsoft
2026-03-19,390.1000061035156,392.489990234375,387.05999755859375,389.0199890136719,25138800,Microsoft
2026-03-20,386.7900085449219,387.0,380.1199951171875,381.8699951171875,50853200,Microsoft
2026-03-23,383.8999938964844,387.2099914550781,381.67999267578125,383.0,29680100,Microsoft
2026-03-24,382.3599853515625,382.4700012207031,371.8500061035156,372.739990234375,42733600,Microsoft
2026-03-25,376.9200134277344,377.05999755859375,369.6300048828125,371.0400085449219,31181200,Microsoft
2026-03-26,370.82000732421875,374.7200012207031,365.19000244140625,365.9700012207031,36836600,Microsoft
2026-03-27,361.8999938964844,362.45001220703125,356.510009765625,356.7699890136719,37883400,Microsoft
2026-03-30,361.8999938964844,365.3599853515625,356.2799987792969,358.9599914550781,44797000,Microsoft
2026-03-31,364.54998779296875,372.8999938964844,363.07000732421875,370.1700134277344,45244400,Microsoft
2026-04-01,373.489990234375,373.989990234375,368.20001220703125,369.3699951171875,29417200,Microsoft
2026-04-02,367.2099914550781,373.6400146484375,364.1499938964844,373.4599914550781,24099100,Microsoft
2026-04-06,373.489990234375,373.7300109863281,369.5,372.8800048828125,16146600,Microsoft
2026-04-07,370.3399963378906,372.45001220703125,366.55999755859375,372.2900085449219,21443300,Microsoft
2026-04-08,384.9800109863281,385.0,371.4100036621094,374.3299865722656,33064800,Microsoft
2026-04-09,372.5,373.5,367.04998779296875,373.07000732421875,30435300,Microsoft
2026-04-10,372.9800109863281,375.6400146484375,370.0299987792969,370.8699951171875,28111100,Microsoft
2026-04-13,373.6099853515625,384.5400085449219,371.0199890136719,384.3699951171875,35745800,Microsoft
2026-04-14,387.9200134277344,394.69000244140625,386.5199890136719,393.1099853515625,37504500,Microsoft
2026-04-15,398.0,414.3699951171875,396.7300109863281,411.2200012207031,45063400,Microsoft
2026-04-16,419.8599853515625,420.82000732421875,412.1400146484375,420.260009765625,41642400,Microsoft
2026-04-17,424.82000732421875,431.5799865722656,420.69000244140625,422.7900085449219,48568200,Microsoft
2026-04-20,421.1499938964844,423.3299865722656,416.29998779296875,418.07000732421875,27582200,Microsoft
2026-04-21,420.239990234375,427.17999267578125,417.20001220703125,424.1600036621094,32048500,Microsoft
2026-04-22,426.19000244140625,433.70001220703125,423.6700134277344,432.9200134277344,29378200,Microsoft
2026-04-23,419.8900146484375,423.6600036621094,411.4100036621094,415.75,38308000,Microsoft
2026-04-24,416.9700012207031,424.95001220703125,415.79998779296875,424.6199951171875,27413900,Microsoft
2025-10-27,189.9691435897376,191.97891738858848,188.4093020699799,191.46897888183594,153452700,Nvidia
2025-10-28,193.0288146936141,203.12769700573313,191.8889404255143,201.0079345703125,297986200,Nvidia
2025-10-29,207.95717223581016,212.1667169482571,204.7575264516481,207.01727294921875,308829600,Nvidia
2025-10-30,205.12746791137428,206.13736677538768,201.38788833732997,202.8677215576172,178864400,Nvidia
2025-10-31,206.42733011185774,207.94716749796044,202.04782138155986,202.4677734375,179802200,Nvidia
2025-11-03,208.05714970598171,211.31678618801203,205.53742218982754,206.85728454589844,180267300,Nvidia
2025-11-04,202.9777066091775,203.9476013046771,197.90825607143535,198.66818237304688,188919300,Nvidia
2025-11-05,198.7481902403631,202.89772869539195,194.6286320152979,195.18858337402344,171350300,Nvidia
2025-11-06,196.39843756369172,197.59830279082226,186.35954634625867,188.05935668945312,223029800,Nvidia
2025-11-07,184.87970536775757,188.29934352754728,178.8903723972709,188.1293487548828,264942300,Nvidia
2025-11-10,195.08858253564551,199.91805415635875,193.76872011438098,199.0281524658203,198897100,Nvidia
2025-11-11,195.13857433756354,195.3985402959953,191.2789975702345,193.1387939453125,176483300,Nvidia
2025-11-12,195.69851973704638,195.86849924763862,191.1090271797132,193.7787322998047,154935300,Nvidia
2025-11-13,191.02901978717685,191.4189763426968,183.82981362374773,186.8394775390625,207423100,Nvidia
2025-11-14,182.8399142970662,190.98901295495202,180.56016596493993,190.14910888671875,186591900,Nvidia
2025-11-17,185.9495778546046,188.9792438771453,184.29976516169708,186.5795135498047,173628900,Nvidia
2025-11-18,183.3598703733926,184.7797126313021,179.6302689297591,181.340087890625,213598900,Nvidia
2025-11-19,184.76970592228736,187.8393762025218,182.8099296469334,186.49952697753906,247246400,Nvidia
2025-11-20,195.92847930218133,195.97847686300787,179.83025642841662,180.6201629638672,343504800,Nvidia
2025-11-21,181.22010834266524,184.5397359279593,172.91100782704066,178.86036682128906,346926200,Nvidia
2025-11-24,179.47030653663683,183.4798609481747,176.4606271183833,182.52996826171875,256618300,Nvidia
2025-11-25,174.89079203873564,178.14043506786686,169.53138015579162,177.80047607421875,320600300,Nvidia
2025-11-26,181.6100638206842,182.8899220695924,178.22043661727494,180.24020385742188,183852000,Nvidia
2025-11-28,178.99033405428943,179.2703020816569,176.48061521713345,176.98056030273438,121332800,Nvidia
2025-12-01,174.7408159055669,180.2802164760195,173.66093259662904,179.90025329589844,188131000,Nvidia
2025-12-02,181.7400335835938,185.63961443898967,179.98023235974816,181.44007873535156,182632200,Nvidia
2025-12-03,181.06012391136443,182.4299686383783,179.09033894604931,179.57028198242188,165138000,Nvidia
2025-12-04,181.61017209543593,184.51002440204854,179.95027347354184,183.37008666992188,167364900,Nvidia
2025-12-05,183.88004685245298,184.6500094505641,180.9002124089338,182.40013122558594,143971100,Nvidia
2025-12-08,182.6301165694494,187.98982714518382,182.39012406320575,185.5399627685547,204378100,Nvidia
2025-12-09,185.54995586495326,185.70995086836587,183.31008684903045,184.95999145507812,144719700,Nvidia
2025-12-10,184.9599880707457,185.46995496958337,182.03013874897007,183.77005004882812,162785400,Nvidia
2025-12-11,180.27023782951787,181.31019006496976,176.61043233199788,180.92019653320312,182136600,Nvidia
2025-12-12,181.10019518559332,182.81010931847595,174.61054106596097,175.01052856445312,204274900,Nvidia
2025-12-15,177.93037643785232,178.4103461991077,175.02053019793698,176.28045654296875,164775600,Nvidia
2025-12-16,176.25046044282257,178.48035080582065,174.8905333961456,177.71038818359375,148588100,Nvidia
2025-12-17,176.0904801521757,176.12047730871902,170.30078481189744,170.93075561523438,222775500,Nvidia
2025-12-18,174.52054772862792,176.14045512074784,171.8107030234881,174.1305694580078,176096000,Nvidia
2025-12-19,176.6604358481607,181.4401759084778,176.3304518785618,180.98020935058594,324925900,Nvidia
2025-12-22,183.91003698180788,184.15002947616998,182.34012994783166,183.6800537109375,129064400,Nvidia
2025-12-23,182.96010023623109,189.31975669034466,182.89009670029142,189.19976806640625,174873600,Nvidia
2025-12-24,187.92983057380172,188.899779295176,186.57989753660073,188.59979248046875,65528500,Nvidia
2025-12-26,189.9097162518428,192.67957056140054,187.98982202804387,190.51968383789062,139740300,Nvidia
2025-12-29,187.6998414610299,188.749772392931,185.8999358866866,188.20980834960938,120006100,Nvidia
2025-12-30,188.22982052336855,188.9797799436452,186.91987858592935,187.52984619140625,97687300,Nvidia
2025-12-31,189.55975523635485,190.54969193131708,186.47991997410415,186.4899139404297,120100500,Nvidia
2026-01-02,189.82971935613102,192.91954841717475,188.24980305842183,188.83978271484375,148240500,Nvidia
2026-01-05,191.74961996436147,193.61952916959007,186.13992286460274,188.1098175048828,183529700,Nvidia
2026-01-06,190.50969495089785,192.15959956375178,186.80989821500853,187.22987365722656,176862600,Nvidia
2026-01-07,188.55979791265688,191.35963411085106,186.54989697142676,189.09976196289062,153543200,Nvidia
2026-01-08,189.09977067708235,189.53974931649188,183.70006889406122,185.0299835205078,172457000,Nvidia
2026-01-09,185.06998015284367,186.32990643372668,183.66005283935564,184.84999084472656,131327500,Nvidia
2026-01-12,183.2100845491025,187.10986736077922,183.010098425574,184.92999267578125,137968500,Nvidia
2026-01-13,184.9899882929175,188.0998205983224,183.3900687774691,185.79994201660156,160128900,Nvidia
2026-01-14,184.3100252062831,184.45001701406107,180.79021156477043,183.1300811767578,159586100,Nvidia
2026-01-15,186.48991316970114,189.6897370464893,186.31992419508657,187.03988647460938,206188600,Nvidia
2026-01-16,189.06976141755646,190.4296883714215,186.06992389502736,186.21990966796875,187967200,Nvidia
2026-01-20,181.89014292514364,182.37012791600927,177.60038196777572,178.06036376953125,223345300,Nvidia
2026-01-21,179.04031586008543,185.3699752173061,178.3903418724365,183.31008911132812,200381000,Nvidia
2026-01-22,184.7399951080077,186.15991637882954,183.92003219020145,184.82998657226562,139636600,Nvidia
2026-01-23,187.48984685190618,189.58973923983262,186.80989099781206,187.6598358154297,142748100,Nvidia
2026-01-26,187.1498802806874,189.1097657209082,185.97994539629804,186.4599151611328,124799600,Nvidia
2026-01-27,187.22986667366473,189.9897117301412,185.6899415183402,188.50979614257812,143711600,Nvidia
2026-01-28,191.25965707901594,192.33960048487265,189.82972650403363,191.5096435546875,148552700,Nvidia
2026-01-29,191.32963792417547,193.46952146246272,186.04992498376654,192.49957275390625,171764400,Nvidia
2026-01-30,191.19965692455457,194.47947816452233,189.45974561417185,191.11965942382812,179489500,Nvidia
2026-02-02,187.1898706566695,190.2897090701948,184.87000408758857,185.59996032714844,165794100,Nvidia
2026-02-03,186.22992037566058,186.25991753048794,176.22045266395375,180.33023071289062,204019600,Nvidia
2026-02-04,179.45029148582987,179.57028010697434,171.90069716024271,174.18057250976562,207014100,Nvidia
2026-02-05,174.92051964769362,176.81043194569037,171.020736948564,171.87069702148438,206312900,Nvidia
2026-02-06,176.6804343618602,186.98987361565233,174.59055120100808,185.39996337890625,231346200,Nvidia
2026-02-09,184.25002288009932,193.64952333361757,183.9400420976916,190.0297088623047,196387400,Nvidia
2026-02-10,191.36964298604585,192.46957427391544,188.10980972728564,188.52978515625,136764800,Nvidia
2026-02-11,192.43958265041238,193.24953637655122,188.75978911487715,190.0397186279297,144192700,Nvidia
2026-02-12,193.01955263160718,193.5995230748733,186.49990120030046,186.9298858642578,189932500,Nvidia
2026-02-13,187.4698554447334,187.4898586352177,181.58017462912434,182.80010986328125,161888000,Nvidia
2026-02-17,181.74016448672575,187.13986615921206,179.17029624003743,184.95999145507812,162276900,Nvidia
2026-02-18,188.73978069812654,190.3596881055438,186.7498829478333,187.96981811523438,164749100,Nvidia
2026-02-19,187.04988063530703,188.41980165789556,185.64996245587088,187.88983154296875,126554500,Nvidia
2026-02-20,186.5599139825128,190.31970507557438,185.92994318264132,189.8097381591797,178422300,Nvidia
2026-02-23,191.3896412925324,193.93950641757905,189.56974766836524,191.53964233398438,171584800,Nvidia
2026-02-24,191.47964208446245,193.75951747058733,187.38985183856119,192.83956909179688,175123600,Nvidia
2026-02-25,194.43946745531196,197.61930319203404,193.77949953248776,195.54940795898438,250637100,Nvidia
2026-02-26,194.25948668244985,194.27947461393586,184.31002841741252,184.87998962402344,360807900,Nvidia
2026-02-27,181.2401979138715,182.5801217841234,176.3704661683341,177.180419921875,311636500,Nvidia
2026-03-02,175.00052620838028,183.45008125730604,174.63055110847353,182.47012329101562,209095300,Nvidia
2026-03-03,178.4803396065267,180.8901975001603,176.91041730394699,180.04025268554688,178099400,Nvidia
2026-03-04,180.4302401537762,184.69000418349444,180.0502558302461,183.03009033203125,177731200,Nvidia
2026-03-05,181.1601973472636,184.05004039552568,177.87038204113773,183.330078125,198779700,Nvidia
2026-03-06,179.83025866705609,182.7500987288974,176.81043317462274,177.8103790283203,189021900,Nvidia
2026-03-09,176.82042919903367,182.90010189125664,175.55049367782217,182.64010620117188,177213600,Nvidia
2026-03-10,182.39012758732315,186.42991760168223,182.00014929336922,184.760009765625,179118500,Nvidia
2026-03-11,185.91000366210938,187.6199951171875,184.4499969482422,186.02999877929688,145280400,Nvidia
2026-03-12,184.0500030517578,184.94000244140625,181.75,183.13999938964844,155762700,Nvidia
2026-03-13,184.9199981689453,186.08999633789062,179.94000244140625,180.25,160988400,Nvidia
2026-03-16,182.97000122070312,188.8800048828125,181.41000366210938,183.22000122070312,217307400,Nvidia
2026-03-17,185.05999755859375,185.39999389648438,181.67999267578125,181.92999267578125,182497800,Nvidia
2026-03-18,182.47999572753906,183.3800048828125,180.3300018310547,180.39999389648438,156683100,Nvidia
2026-03-19,178.00999450683594,179.97999572753906,175.7899932861328,178.55999755859375,170968500,Nvidia
2026-03-20,178.0,178.25999450683594,171.72000122070312,172.6999969482422,241323500,Nvidia
2026-03-23,177.25999450683594,178.3699951171875,174.75999450683594,175.63999938964844,182836300,Nvidia
2026-03-24,174.8300018310547,176.22000122070312,173.97999572753906,175.1999969482422,147667800,Nvidia
2026-03-25,177.10000610351562,181.22000122070312,176.85000610351562,178.67999267578125,162602100,Nvidia
2026-03-26,176.07000732421875,176.50999450683594,171.13999938964844,171.24000549316406,186152200,Nvidia
2026-03-27,170.0,170.97000122070312,167.00999450683594,167.52000427246094,196212700,Nvidia
2026-03-30,168.77999877929688,169.4499969482422,164.27000427246094,165.1699981689453,185627000,Nvidia
2026-03-31,166.97000122070312,174.6199951171875,166.9600067138672,174.39999389648438,226181300,Nvidia
2026-04-01,176.0,177.3699951171875,174.75,175.75,168132000,Nvidia
2026-04-02,172.17999267578125,177.49000549316406,171.3699951171875,177.38999938964844,143143200,Nvidia
2026-04-06,177.16000366210938,177.7899932861328,175.75999450683594,177.63999938964844,107564300,Nvidia
2026-04-07,175.72999572753906,178.22999572753906,173.66000366210938,178.10000610351562,132534900,Nvidia
2026-04-08,184.5,185.25999450683594,180.3000030517578,182.0800018310547,147732700,Nvidia
2026-04-09,181.83999633789062,184.0800018310547,180.6199951171875,183.91000366210938,116428500,Nvidia
2026-04-10,184.30999755859375,190.0,184.3000030517578,188.6300048828125,160459500,Nvidia
2026-04-13,186.02999877929688,189.66000366210938,185.74000549316406,189.30999755859375,133648200,Nvidia
2026-04-14,190.83999633789062,196.50999450683594,190.77000427246094,196.50999450683594,161307000,Nvidia
2026-04-15,196.5399932861328,200.39999389648438,195.74000549316406,198.8699951171875,185338400,Nvidia
2026-04-16,197.42999267578125,199.85000610351562,195.80999755859375,198.35000610351562,134012900,Nvidia
2026-04-17,199.89999389648438,201.6999969482422,199.27000427246094,201.67999267578125,160324400,Nvidia
2026-04-20,199.97999572753906,202.1699981689453,197.83999633789062,202.05999755859375,119381400,Nvidia
2026-04-21,202.1300048828125,202.75,199.0,199.8800048828125,107945300,Nvidia
2026-04-22,200.99000549316406,202.5,199.0,202.5,107501000,Nvidia
2026-04-23,202.4600067138672,203.8300018310547,197.22000122070312,199.63999938964844,113561800,Nvidia
2026-04-24,199.9600067138672,210.9499969482422,199.80999755859375,208.27000427246094,213780100,Nvidia
2025-10-27,439.9800109863281,460.1600036621094,438.69000244140625,452.4200134277344,105867500,Tesla
2025-10-28,454.7799987792969,467.0,451.6000061035156,460.54998779296875,80185700,Tesla
2025-10-29,462.5,465.70001220703125,452.6499938964844,461.510009765625,67983500,Tesla
2025-10-30,451.04998779296875,455.05999755859375,439.6099853515625,440.1000061035156,72447900,Tesla
2025-10-31,446.75,458.0,443.69000244140625,456.55999755859375,83135800,Tesla
2025-11-03,455.989990234375,474.07000732421875,453.79998779296875,468.3699951171875,84595200,Tesla
2025-11-04,454.4599914550781,460.2200012207031,443.6000061035156,444.260009765625,87756600,Tesla
2025-11-05,452.04998779296875,466.3299865722656,440.7099914550781,462.07000732421875,85573000,Tesla
2025-11-06,461.9599914550781,467.45001220703125,435.0899963378906,445.9100036621094,109622900,Tesla
2025-11-07,437.9200134277344,439.3599853515625,421.8800048828125,429.5199890136719,103471500,Tesla
2025-11-10,439.6000061035156,449.6700134277344,433.3599853515625,445.2300109863281,76515900,Tesla
2025-11-11,439.3999938964844,442.489990234375,432.3599853515625,439.6199951171875,60533200,Tesla
2025-11-12,442.1499938964844,442.3299865722656,426.55999755859375,430.6000061035156,58513500,Tesla
2025-11-13,423.1300048828125,424.5,396.3399963378906,401.989990234375,118948000,Tesla
2025-11-14,386.29998779296875,412.19000244140625,382.7799987792969,404.3500061035156,105506700,Tesla
2025-11-17,398.739990234375,423.9599914550781,398.739990234375,408.9200134277344,102214300,Tesla
2025-11-18,405.3800048828125,408.8999938964844,393.7099914550781,401.25,80688600,Tesla
2025-11-19,406.17999267578125,411.7799987792969,398.5,403.989990234375,72047700,Tesla
2025-11-20,414.6300048828125,428.94000244140625,394.739990234375,395.2300109863281,113548800,Tesla
2025-11-21,402.32000732421875,402.79998779296875,383.760009765625,391.0899963378906,100460600,Tesla
2025-11-24,402.1700134277344,421.7200012207031,401.0899963378906,417.7799987792969,96806400,Tesla
2025-11-25,414.4200134277344,420.4800109863281,405.95001220703125,419.3999938964844,71915600,Tesla
2025-11-26,423.95001220703125,426.94000244140625,416.8900146484375,426.5799865722656,63463000,Tesla
2025-11-28,426.5899963378906,432.92999267578125,426.20001220703125,430.1700134277344,36252900,Tesla
2025-12-01,425.32000732421875,433.6600036621094,425.2900085449219,430.1400146484375,57463600,Tesla
2025-12-02,430.80999755859375,436.79998779296875,422.1199951171875,429.239990234375,69336600,Tesla
2025-12-03,432.1000061035156,447.9200134277344,431.1099853515625,446.739990234375,87483000,Tesla
2025-12-04,449.94000244140625,454.6300048828125,445.3900146484375,454.5299987792969,71906500,Tesla
2025-12-05,453.0299987792969,458.8699951171875,451.6600036621094,455.0,56427500,Tesla
2025-12-08,447.45001220703125,449.75,435.25,439.5799865722656,69165800,Tesla
2025-12-09,437.5400085449219,452.3900146484375,435.70001220703125,445.1700134277344,62367400,Tesla
2025-12-10,446.07000732421875,456.8800048828125,443.6099853515625,451.45001220703125,63257500,Tesla
2025-12-11,448.95001220703125,449.2699890136719,440.3299865722656,446.8900146484375,55979500,Tesla
2025-12-12,448.0899963378906,463.010009765625,441.6700134277344,458.9599914550781,95656700,Tesla
2025-12-15,469.44000244140625,481.7699890136719,467.6600036621094,475.30999755859375,114542200,Tesla
2025-12-16,472.2099914550781,491.5,465.8299865722656,489.8800048828125,107608100,Tesla
2025-12-17,488.2200012207031,495.2799987792969,466.20001220703125,467.260009765625,106490400,Tesla
2025-12-18,478.1600036621094,490.8599853515625,473.1199951171875,483.3699951171875,95168400,Tesla
2025-12-19,488.1199951171875,490.489990234375,474.7200012207031,481.20001220703125,103305400,Tesla
2025-12-22,489.8800048828125,498.8299865722656,485.3299865722656,488.7300109863281,86916100,Tesla
2025-12-23,489.3999938964844,491.9700012207031,482.8399963378906,485.55999755859375,58223600,Tesla
2025-12-24,488.4800109863281,490.8999938964844,476.79998779296875,485.3999938964844,41285400,Tesla
2025-12-26,485.2300109863281,489.0899963378906,473.82000732421875,475.19000244140625,58780700,Tesla
2025-12-29,469.0,469.3999938964844,459.0,459.6400146484375,66263000,Tesla
2025-12-30,461.0899963378906,463.1199951171875,453.8299865722656,454.42999267578125,59238500,Tesla
2025-12-31,456.1000061035156,456.54998779296875,449.29998779296875,449.7200012207031,49078000,Tesla
2026-01-02,457.79998779296875,458.3399963378906,435.29998779296875,438.07000732421875,85535400,Tesla
2026-01-05,447.989990234375,457.54998779296875,444.57000732421875,451.6700134277344,67940800,Tesla
2026-01-06,446.3800048828125,448.25,428.7799987792969,432.9599914550781,89093800,Tesla
2026-01-07,435.8999938964844,438.3699951171875,431.2900085449219,431.4100036621094,59828800,Tesla
2026-01-08,427.8900146484375,436.8900146484375,424.3699951171875,435.79998779296875,57041100,Tesla
2026-01-09,435.95001220703125,449.04998779296875,430.3900146484375,445.010009765625,67331500,Tesla
2026-01-12,441.2300109863281,454.29998779296875,438.0,448.9599914550781,61649600,Tesla
2026-01-13,450.20001220703125,451.80999755859375,443.95001220703125,447.20001220703125,53719200,Tesla
2026-01-14,442.80999755859375,443.9100036621094,434.2200012207031,439.20001220703125,57259500,Tesla
2026-01-15,441.1300048828125,445.3599853515625,437.6499938964844,438.57000732421875,49465800,Tesla
2026-01-16,439.5,447.25,435.260009765625,437.5,60220600,Tesla
2026-01-20,429.3599853515625,430.7300109863281,417.44000244140625,419.25,63187300,Tesla
2026-01-21,421.6600036621094,438.20001220703125,419.6199951171875,431.44000244140625,68124000,Tesla
2026-01-22,435.1600036621094,449.5,432.6300048828125,449.3599853515625,71546700,Tesla
2026-01-23,447.42999267578125,452.42999267578125,444.0400085449219,449.05999755859375,56771400,Tesla
2026-01-26,445.0,445.0400085449219,434.2799987792969,435.20001220703125,49397400,Tesla
2026-01-27,437.4100036621094,437.5199890136719,430.69000244140625,430.8999938964844,37733100,Tesla
2026-01-28,431.9100036621094,438.260009765625,430.1000061035156,431.4599914550781,54857400,Tesla
2026-01-29,437.79998779296875,440.2300109863281,414.6199951171875,416.55999755859375,81686100,Tesla
2026-01-30,425.3500061035156,439.8800048828125,422.70001220703125,430.4100036621094,82626100,Tesla
2026-02-02,421.2900085449219,427.1499938964844,414.5,421.80999755859375,58739500,Tesla
2026-02-03,424.2699890136719,428.55999755859375,413.69000244140625,421.9599914550781,56886500,Tesla
2026-02-04,420.4599914550781,423.8999938964844,399.17999267578125,406.010009765625,74606900,Tesla
2026-02-05,397.0199890136719,402.1000061035156,387.5299987792969,397.2099914550781,72819800,Tesla
2026-02-06,400.8699951171875,414.54998779296875,397.75,411.1099853515625,62677100,Tesla
2026-02-09,409.9100036621094,421.25,407.2900085449219,417.32000732421875,54484300,Tesla
2026-02-10,418.0799865722656,427.25,417.0,425.2099914550781,64450200,Tesla
2026-02-11,427.9599914550781,436.3500061035156,420.0299987792969,428.2699890136719,57362000,Tesla
2026-02-12,430.29998779296875,436.2300109863281,414.0,417.07000732421875,61933400,Tesla
2026-02-13,414.30999755859375,424.05999755859375,410.8800048828125,417.44000244140625,51434100,Tesla
2026-02-17,412.3599853515625,413.7200012207031,400.510009765625,410.6300048828125,59678800,Tesla
2026-02-18,411.1099853515625,416.8999938964844,409.5799865722656,411.32000732421875,45921400,Tesla
2026-02-19,407.25,415.25,404.1099853515625,411.7099914550781,51019600,Tesla
2026-02-20,408.29998779296875,414.70001220703125,405.5,411.82000732421875,57912200,Tesla
2026-02-23,407.2900085449219,407.70001220703125,394.0400085449219,399.8299865722656,69680000,Tesla
2026-02-24,399.5,410.82000732421875,397.6400146484375,409.3800048828125,58579500,Tesla
2026-02-25,412.1499938964844,420.3399963378906,412.1499938964844,417.3999938964844,54809700,Tesla
2026-02-26,414.4200134277344,416.80999755859375,403.6600036621094,408.5799865722656,53602500,Tesla
2026-02-27,402.94000244140625,407.1199951171875,398.1099853515625,402.510009765625,56890100,Tesla
2026-03-02,390.6000061035156,404.5400085449219,388.25,403.32000732421875,55088300,Tesla
2026-03-03,395.0899963378906,396.3399963378906,385.3900146484375,392.42999267578125,62617300,Tesla
2026-03-04,397.8500061035156,408.3299865722656,394.5799865722656,405.94000244140625,68305500,Tesla
2026-03-05,401.57000732421875,408.6199951171875,399.4200134277344,405.54998779296875,51925900,Tesla
2026-03-06,398.0899963378906,402.3500061035156,394.2099914550781,396.7300109863281,64054600,Tesla
2026-03-09,390.04998779296875,401.5899963378906,381.3999938964844,398.67999267578125,67018900,Tesla
2026-03-10,402.2200012207031,406.5899963378906,398.19000244140625,399.239990234375,59258700,Tesla
2026-03-11,402.2799987792969,416.3800048828125,402.1499938964844,407.82000732421875,62559900,Tesla
2026-03-12,405.17999267578125,406.5,394.6499938964844,395.010009765625,60973800,Tesla
2026-03-13,399.1700134277344,400.20001220703125,389.95001220703125,391.20001220703125,58504100,Tesla
2026-03-16,396.2200012207031,403.7300109863281,394.4200134277344,395.55999755859375,58068300,Tesla
2026-03-17,395.69000244140625,400.1199951171875,393.0,399.2699890136719,46890500,Tesla
2026-03-18,399.0,403.07000732421875,392.30999755859375,392.7799987792969,50853100,Tesla
2026-03-19,387.2699890136719,387.2699890136719,378.7300109863281,380.29998779296875,67078300,Tesla
2026-03-20,379.8500061035156,379.8900146484375,364.4599914550781,367.9599914550781,78628600,Tesla
2026-03-23,373.0899963378906,385.3299865722656,372.7300109863281,380.8500061035156,74606000,Tesla
2026-03-24,376.55999755859375,387.4800109863281,376.30999755859375,383.0299987792969,60004900,Tesla
2026-03-25,389.989990234375,396.2300109863281,385.010009765625,385.95001220703125,55157300,Tesla
2026-03-26,381.6000061035156,384.44000244140625,371.8699951171875,372.1099853515625,55522900,Tesla
2026-03-27,369.69000244140625,369.8599853515625,359.4700012207031,361.8299865722656,62065700,Tesla
2026-03-30,365.8599853515625,367.2900085449219,352.1400146484375,355.2799987792969,67954400,Tesla
2026-03-31,361.510009765625,373.3299865722656,361.0,371.75,75534900,Tesla
2026-04-01,378.6300048828125,383.1400146484375,374.0799865722656,381.260009765625,58683800,Tesla
2026-04-02,364.20001220703125,370.2799987792969,359.0299987792969,360.5899963378906,83031200,Tesla
2026-04-06,362.5899963378906,367.7200012207031,346.6400146484375,352.82000732421875,77697600,Tesla
2026-04-07,346.44000244140625,348.0199890136719,337.239990234375,346.6499938964844,74515400,Tesla
2026-04-08,363.7900085449219,364.5,339.6700134277344,343.25,78838600,Tesla
2026-04-09,343.1499938964844,348.8800048828125,337.25,345.6199951171875,62164000,Tesla
2026-04-10,346.2900085449219,350.3599853515625,342.739990234375,348.95001220703125,51336000,Tesla
2026-04-13,350.07000732421875,356.3500061035156,348.57000732421875,352.4200134277344,53617500,Tesla
2026-04-14,357.6700134277344,367.6300048828125,354.7699890136719,364.20001220703125,59979600,Tesla
2026-04-15,366.8299865722656,394.6499938964844,362.5,391.95001220703125,113810400,Tesla
2026-04-16,393.80999755859375,394.05999755859375,381.79998779296875,388.8999938964844,63515100,Tesla
2026-04-17,395.9200134277344,409.2799987792969,391.6499938964844,400.6199951171875,90640000,Tesla
2026-04-20,402.5799865722656,406.79998779296875,388.3299865722656,392.5,64603900,Tesla
2026-04-21,393.0,393.95001220703125,385.2200012207031,386.4200134277344,50530600,Tesla
2026-04-22,387.57000732421875,393.010009765625,385.29998779296875,387.510009765625,62362800,Tesla
2026-04-23,375.2799987792969,386.0,368.3900146484375,373.7200012207031,93969500,Tesla
2026-04-24,373.5,382.760009765625,370.7300109863281,376.29998779296875,62753700,Tesla
